<?xml version="1.0" encoding="UTF-8"?>
<!DOCTYPE struts PUBLIC
        "-//Apache Software Foundation//DTD Struts Configuration 2.3//EN"
        "http://struts.apache.org/dtds/struts-2.3.dtd">
<struts>
    <constant name="struts.devMode" value="false" />
    <constant name="struts.enable.DynamicMethodInvocation" value="true" />

    <package name="default" extends="struts-default">
        <default-action-ref name="index" />
        <action name="index">
            <result>/index.jsp</result>
        </action>

        <action name="hello" class="org.vulhub.action.HelloWorldAction" method="execute">
            <result name="success">/hello.jsp</result>
        </action>
    </package>
</struts>