<?xml version="1.0" encoding="UTF-8" ?>
<!DOCTYPE struts PUBLIC
        "-//Apache Software Foundation//DTD Struts Configuration 2.5//EN"
        "http://struts.apache.org/dtds/struts-2.5.dtd">

<struts>

    <constant name="struts.devMode" value="true"/>
    <constant name="struts.enable.DynamicMethodInvocation" value="false"/>
    <!-- Configure for file upload -->
    <constant name="struts.multipart.maxSize" value="10485760"/>

    <package name="myPackage" extends="struts-default">

        <default-action-ref name="index" />

        <action name="index" class="org.vulhub.IndexAction">
            <result name="input">/WEB-INF/jsp/index.jsp</result>
            <result name="success">/WEB-INF/jsp/success.jsp</result>
        </action>

    </package>

</struts>
